address,city,area,x,y
南投縣竹山鎮社寮里大公街（紫南宮）Ａ棟空地,南投縣,竹山鎮,,
南投縣竹山鎮社寮里大公街（紫南宮）Ｂ棟空地,南投縣,竹山鎮,,
南投縣草屯鎮敦和里忠孝路２２２號騎樓,南投縣,草屯鎮,,
南投縣草屯鎮山腳里民權街６３號,南投縣,草屯鎮,,
南投縣集集鎮集集里集民街與集中巷交接路口,南投縣,集集鎮,,
嘉義市東區忠孝路、光彩街、中正路間區塊,嘉義市,東區,,
自中正路口退縮十公尺處起至垂楊路口退縮十公尺處止。各路口紅線區除外,嘉義市,東區,,
嘉義市西區北興陸橋下,嘉義市,西區,,
嘉義市西區保安一路與保安四路口,嘉義市,西區,,
嘉義縣中埔鄉中埔村８２－３８之１中埔便利商店對面,嘉義縣,中埔鄉,,
嘉義縣六腳鄉蒜頭國小前,嘉義縣,六腳鄉,,
嘉義縣大林鎮西林里大林國小天橋下,嘉義縣,大林鎮,,
嘉義縣新港鄉新民路,嘉義縣,新港鄉,,
嘉義縣新港鄉新中路與福德路交叉口面對福德路,嘉義縣,新港鄉,,
嘉義縣朴子市第一市場三樓辦公室,嘉義縣,朴子市,,
嘉義縣朴子市第二市場十一棟三樓辦公室,嘉義縣,朴子市,,
嘉義縣竹崎鄉義仁村１６６縣道旁,嘉義縣,竹崎鄉,,
宜蘭縣礁溪鄉五峰路與跑馬古道入口,宜蘭縣,礁溪鄉,,
宜蘭縣羅東鎮林場肉焿對面（第Ｂ６攤位）,宜蘭縣,羅東鎮,,
宜蘭縣羅東鎮民生路（民生市場正門口）,宜蘭縣,羅東鎮,,
宜蘭縣蘇澳鎮江夏路段,宜蘭縣,蘇澳鎮,,
宜蘭縣蘇澳鎮海邊路段,宜蘭縣,蘇澳鎮,,
宜蘭縣頭城鎮鎮開路149號,宜蘭縣,頭城鎮,,
屏東縣佳冬鄉羗園村內館路３－１９號,屏東縣,佳冬鄉,,
屏東縣內埔鄉東寧村勝利路與自強路口土地公廟前,屏東縣,內埔鄉,,
屏東縣內埔鄉大新村大新路、大旺路口,屏東縣,內埔鄉,,
屏東縣屏東市三山里金城路７１巷２號旁,屏東縣,屏東市,,
屏東縣屏東市瑞光里和生路１段,屏東縣,屏東市,,
屏東縣屏東市厚生里建華一街２８９巷巷口（麵店）,屏東縣,屏東市,,
屏東市民族路及民權路,屏東縣,屏東市,,
屏東縣屏東市建豐路275巷,屏東縣,屏東市,,
屏東縣屏東市建國市場,屏東縣,屏東市,,
屏東縣新園鄉中洲村仁愛路,屏東縣,新園鄉,,
屏東縣東港鎮興台里中正路,屏東縣,東港鎮,,
屏東縣東港鎮新勝里信義街,屏東縣,東港鎮,,
,屏東縣,枋寮鄉,,
屏東縣萬丹鄉萬壽路,屏東縣,萬丹鄉,,
屏東縣里港鄉太平村,屏東縣,里港鄉,,
屏東縣高樹鄉高樹村南興路三角公園前,屏東縣,高樹鄉,,
彰化縣二林鎮東和里建興路１０７巷４６號,彰化縣,二林鎮,,
彰化縣員林市仁美里萬年路與靜修路交叉路口,彰化縣,員林市,,
彰化縣員林市三多里靜修路５８號旁,彰化縣,員林市,,
彰化縣埤頭鄉中和村路口厝段００９９－００１１號（彰水路一段４８５號）,彰化縣,埤頭鄉,,
彰化縣大村鄉大村村中正西路大仁路口,彰化縣,大村鄉,,
彰化縣溪湖鎮河東里田中路１２１―１８號,彰化縣,溪湖鎮,,
彰化縣田中鎮南路里員集路一段與公館路交叉路口,彰化縣,田中鎮,,
彰化縣花壇鄉白沙村彰員路３段（文德宮旁）,彰化縣,花壇鄉,,
彰化縣鹿港鎮永安里自強路５０巷２６號１樓,彰化縣,鹿港鎮,,
新北市汐止區忠孝東路福安街口,新北市,汐止區,,
新竹市香山區中山路６４０巷（頂福公園旁）,新竹市,香山區,,
新竹縣五峰鄉15鄰243號(清泉風景特定區內原住民族館旁),新竹縣,五峰鄉,,
新竹縣北埔鄉五指山玉皇宮前攤販,新竹縣,北埔鄉,,
新竹縣北埔鄉五指山玉皇宮攤販前,新竹縣,北埔鄉,,
新竹縣新埔鎮照門里九芎湖入口下２０公尺,新竹縣,新埔鎮,,
新竹縣竹東鎮中央市場,新竹縣,竹東鎮,,
新竹縣關西鎮西安里大同路,新竹縣,關西鎮,,
桃園市中壢區中央西路二段,桃園市,中壢區,,
桃園市楊梅區大成路大平街大模路,桃園市,楊梅區,,
桃園市楊梅區新興街,桃園市,楊梅區,,
桃園市楊梅區復華街、武營街,桃園市,楊梅區,,
桃園市蘆竹區河底段２７２號,桃園市,蘆竹區,,
桃園市龍潭區龍潭里龍華路龍青路路口邊,桃園市,龍潭區,,
桃園市中和南路(中興路-新樂街路段),桃園市,龜山區,,
臺中市中區中華路一段、公園路、大誠街、大鵬路、長安路二段,臺中市,中區,,
北屯區太原路三段與和順路口,臺中市,北屯區,,
臺中市北屯區昌平路一段南側及北平路四段兩側,臺中市,北屯區,,
臺中市南區忠孝路(臺中路至國光路段),臺中市,南區,,
臺中市南屯區永定里永春東七路，益昌二街口,臺中市,南屯區,,
臺中市大雅區大雅里民生路１段６４－２攤位,臺中市,大雅區,,
臺中市烏日區烏日里光日路（烏日夜市７攤位）,臺中市,烏日區,,
臺中市石岡區石岡里豐勢路石岡水埧邊,臺中市,石岡區,,
臺中市西區公館里南屯路一段６１－８號旁,臺中市,西區,,
臺中市西區公館里民興街１１３號１樓,臺中市,西區,,
臺中市西區公館里三民路１段３１號１樓,臺中市,西區,,
臺中市西區公館里南屯路１段３８－２號１樓,臺中市,西區,,
臺中市西區三民路三段１６４巷巷口,臺中市,西區,,
臺中市西屯區文華路(逢甲大學側門至福星路段),臺中市,西屯區,,
臺南市下營區中營里12鄰中營1151-1號,臺南市,下營區,,
德南路,臺南市,仁德區,,
臺南市六甲區六甲里恆安宮前廣場,臺南市,六甲區,,
臺南市六甲區六甲里公共市場Ｅ５３,臺南市,六甲區,,
臺南市六甲區六甲里中華路（六甲國中活動中心對面）,臺南市,六甲區,,
臺南市北門區蚵寮里保安宮旁,臺南市,北門區,,
建國路與興華路交叉口。,臺南市,善化區,,
臺南市安定區港男里161號,臺南市,安定區,,
臺南市安平區效忠街20-7號,臺南市,安平區,,
臺南市安平區效忠街２０－７號,臺南市,安平區,,
臺南市安平區效忠街２０之７號（安平公有市場第１０３９號攤位）,臺南市,安平區,,
中山路一段、三民路,臺南市,官田區,,
臺南市將軍區將富里52-3號,臺南市,將軍區,,
臺南市將軍區西華里23號,臺南市,將軍區,,
臺南市新化區護國里忠孝路與竹林路交叉口（葉麥克炸雞）,臺南市,新化區,,
台南市新市區中正路366號,臺南市,新市區,,
仁和路(崇善九街至崇善十一街)。,臺南市,東區,,
台南市東區裕平路39號,臺南市,東區,,
臺南市歸仁區大潭里長榮路１段昭德宮前,臺南市,歸仁區,,
臺南市歸仁區南保里民權北路與民權六街路口鐵皮屋,臺南市,歸仁區,,
臺南市歸仁區八甲里中正北路一段與大德路口（葱油餅）,臺南市,歸仁區,,
臺南市歸仁區八甲里中正北路一段與大德路口（大腸香腸）,臺南市,歸仁區,,
臺南市歸仁區八甲里中正北路一段大德路口（雞蛋糕）,臺南市,歸仁區,,
中華二路,臺南市,永康區,,
台南市永康區中山南路1116巷2號,臺南市,永康區,,
復國一路與復華三街交叉口廣場,臺南市,永康區,,
月津武廟前廣場、金和路、武廟路和北門路交界處、北門路至蔦松路口交界處,臺南市,鹽水區,,
臺東縣卑南鄉泰安村泰安路５４３－８號,臺東縣,卑南鄉,,
963臺東縣太麻里鄉太麻里街140號,臺東縣,太麻里鄉,,
臺東縣臺東市四維路一段,臺東縣,臺東市,,
臺東縣達仁鄉拉里巴路６號,臺東縣,達仁鄉,,
花蓮縣吉安鄉北昌村自強夜市Ｃ１３,花蓮縣,吉安鄉,,
花蓮縣吉安鄉北昌村自強夜市Ｃ１５,花蓮縣,吉安鄉,,
花蓮縣吉安鄉自強夜市,花蓮縣,吉安鄉,,
花蓮縣吉安鄉自強夜市Ｃ２３（品良大腸麵線）,花蓮縣,吉安鄉,,
花蓮縣吉安鄉北昌村自強夜市（Ａ１８）,花蓮縣,吉安鄉,,
花蓮縣吉安鄉北昌村自強夜市（Ｃ２１﹒２２）,花蓮縣,吉安鄉,,
花蓮縣吉安鄉北昌村自強夜市Ａ１３,花蓮縣,吉安鄉,,
花蓮縣吉安鄉仁里村仁里停車埸Ａ１６．１７擁位,花蓮縣,吉安鄉,,
花蓮縣吉安鄉仁里村仁里停車場Ａ９,花蓮縣,吉安鄉,,
花蓮縣吉安鄉仁里村仁里停車場Ａ０５,花蓮縣,吉安鄉,,
花蓮縣吉安鄉仁里村仁里停車場Ａ１１、Ａ１２,花蓮縣,吉安鄉,,
花蓮縣吉安鄉仁里村仁里立體停車場Ｂ１１、Ｂ１２,花蓮縣,吉安鄉,,
花蓮縣吉安鄉仁里村仁里停車場Ｂ０９、Ｂ１０,花蓮縣,吉安鄉,,
花蓮縣吉安鄉仁里村仁里停車場Ａ１８,花蓮縣,吉安鄉,,
花蓮縣吉安鄉仁里村仁里停車場Ａ１９,花蓮縣,吉安鄉,,
花蓮縣吉安鄉仁里村仁里停車場Ｂ１６,花蓮縣,吉安鄉,,
花蓮縣壽豐鄉志學村中正路１３２巷巷口,花蓮縣,壽豐鄉,,
花蓮縣壽豐鄉豐山村中興路１６號,花蓮縣,壽豐鄉,,
花蓮縣新城鄉大漢村１９鄰民有路１３３號,花蓮縣,新城鄉,,
花蓮縣玉里鎮忠智路,花蓮縣,玉里鎮,,
花蓮縣玉里鎮民權街,花蓮縣,玉里鎮,,
花蓮縣玉里鎮和平路,花蓮縣,玉里鎮,,
花蓮縣玉里鎮忠智路玉里夜市攤位,花蓮縣,玉里鎮,,
花蓮市中山路與大同街口,花蓮縣,花蓮市,,
花年縣豐濱鄉民族街20號,花蓮縣,豐濱鄉,,
苗栗縣後龍鎮慈雲宮前攤販集中場,苗栗縣,後龍鎮,,
苗栗縣苑裡鎮大同路(為公路與建國路之間),苗栗縣,苑裡鎮,,
苗栗縣苑裡鎮130縣道與苗43縣交接處,苗栗縣,苑裡鎮,,
苗栗縣苑裡鎮苑南里大同路東側,苗栗縣,苑裡鎮,,
苗栗縣苗栗市福麗里新都街高架橋商場飲食類Ｂ０３攤舖,苗栗縣,苗栗市,,
馬祖連江縣南竿鄉介壽村369號,連江縣,南竿鄉,,
烈嶼鄉東林,金門縣,烈嶼鄉,,
金城鎮浯江北堤路上,金門縣,金城鎮,,
金城鎮中興市場,金門縣,金城鎮,,
金鎮鎮民族路上,金門縣,金城鎮,,
金門縣金城鎮北堤路迴龍宮斜對面,金門縣,金城鎮,,
雲林縣北港鎮華勝里民有路與民治路之間,雲林縣,北港鎮,,
雲林縣北港鎮東華里益安路中秋路口,雲林縣,北港鎮,,
雲林縣北港鎮新街里公園路九龍電器對面,雲林縣,北港鎮,,
舊台3線綠色隧道,雲林縣,古坑鄉,,
雲林縣四湖鄉崙北村海清路海清宮廟邊,雲林縣,四湖鄉,,
雲林縣土庫鎮忠正里００９鄰中山路（土庫衛生所外廣場）,雲林縣,土庫鎮,,
637雲林縣崙背鄉永昌路1號,雲林縣,崙背鄉,,
雲林縣虎尾鎮頂溪里１６鄰中興路３２號,雲林縣,虎尾鎮,,
高雄市三民區三民街（中華三路至自強一路）,高雄市,三民區,,
高雄市三民區吉林街(十全一路及熱河一街之間),高雄市,三民區,,
高雄市三民區喜峰街（哈爾濱街至嫩江街）,高雄市,三民區,,
高雄市三民區中華二路與十全三路口,高雄市,三民區,,
高雄市前金區文東里文武三街１９４號１樓,高雄市,前金區,,
高雄市前鎮區擴建路,高雄市,前鎮區,,
高雄市前鎮區前鎮加油站東側攤販臨時集中場（擴建一路）,高雄市,前鎮區,,
高雄市前鎮區草衙二巷攤販臨時集中場,高雄市,前鎮區,,
高雄市前鎮區前鎮加油站攤販臨時集中場,高雄市,前鎮區,,
高雄市前鎮區光華二路夜市集中場,高雄市,前鎮區,,
高雄市前鎮區加工出口區北一路,高雄市,前鎮區,,
高雄市前鎮區草衙東集中場,高雄市,前鎮區,,
高雄市前鎮區草衙西集中場,高雄市,前鎮區,,
高雄市前鎮區高雄加工出口區北一路３號,高雄市,前鎮區,,
高雄市大寮區山頂里山頂路與長泰街交叉路口,高雄市,大寮區,,
高雄市大寮區山頂里山頂路與長泰街交叉口空地,高雄市,大寮區,,
高雄市大寮區山頂里萬丹路鳳林黃昏市場第Ａ６－２攤位,高雄市,大寮區,,
高雄市大樹區檨腳里大樹路３５號隔壁,高雄市,大樹區,,
高雄市小港區沿海四路３角公園,高雄市,小港區,,
高雄市小港區松興路１３２巷路口（農會前）,高雄市,小港區,,
高雄市小港區山明里松華路、松信路口,高雄市,小港區,,
高雄市小港區高坪２２路２９０號騎樓,高雄市,小港區,,
高雄市岡山區碧紅里岡山夜市１５１攤位,高雄市,岡山區,,
高雄市左營區尾北里三山國王廟攤販集中市場,高雄市,左營區,,
高雄市左營區南屏路裕誠路口,高雄市,左營區,,
高雄市左營區裕誠路與南屏路口,高雄市,左營區,,
高雄市左營區南屏路與裕誠路口,高雄市,左營區,,
高雄市左營區裕誠路上（瑞豐夜市）,高雄市,左營區,,
高雄市左營區裕誠路與南屏路口（瑞豐夜市）,高雄市,左營區,,
高雄市左營區瑞豐夜市第一排,高雄市,左營區,,
高雄市左營區瑞豐夜市第七排口,高雄市,左營區,,
高雄市左營區富國路青雲宮右側,高雄市,左營區,,
高雄市左營區瑞豐夜市,高雄市,左營區,,
高雄市左營區瑞豐夜市第１２排,高雄市,左營區,,
高雄市左營區重立路８５８巷與重文街口之空地,高雄市,左營區,,
高雄市左營區裕誠路及富國路口,高雄市,左營區,,
高雄市左營區南屏路與裕誠路路口（瑞豐夜市第１５３攤位）,高雄市,左營區,,
高雄市左營區南屏路與裕誠路﹙９４１．９４２攤位﹚,高雄市,左營區,,
高雄市左營區南屏路與裕誠路口﹙６８２攤位﹚,高雄市,左營區,,
高雄市左營區南屏路與裕誠路口第七排﹙３９０．３９１﹚,高雄市,左營區,,
高雄市左營區南屏路與裕誠路口﹙１３２攤位﹚,高雄市,左營區,,
高雄市左營區瑞豐夜市９６０攤位,高雄市,左營區,,
高雄市左營區南屏路與裕誠路口﹙１２排﹚,高雄市,左營區,,
高雄市左營區南屏路與裕誠路口（第１３、１４排底）,高雄市,左營區,,
高雄市左營區南屏路與裕誠路口﹙１５排﹚,高雄市,左營區,,
高雄市左營區南屏路與裕誠路口﹙瑞豐夜市１排９２９﹚,高雄市,左營區,,
高雄市左營區南屏路與裕誠路口﹙第一排８４．８２﹚,高雄市,左營區,,
高雄市新興區六合二路(中山一路至自立二路),高雄市,新興區,,
高雄市新興區南華路（中正三路至大同路）,高雄市,新興區,,
高雄市旗山區湄洲里中山路與平和街口,高雄市,旗山區,,
高雄市旗山區湄洲里福中街口,高雄市,旗山區,,
高雄市旗山區湄洲里中山路馬祖廟後面,高雄市,旗山區,,
高雄市旗山區湄洲里中山路媽祖廟後面,高雄市,旗山區,,
高雄市旗津區慈愛里攤販臨時集中場,高雄市,旗津區,,
高雄市旗津區振興里大關路,高雄市,旗津區,,
高雄市旗津區振興里通山路與廟前路口,高雄市,旗津區,,
高雄市杉林區上平里山仙路（杉林農會停車廣場）,高雄市,杉林區,,
高雄市梓官區漁港一路、漁港二路東側、港九街,高雄市,梓官區,,
高雄市楠梓區和昌里和光街１７３巷口,高雄市,楠梓區,,
高雄市楠梓區清福寺內近土庫五路,高雄市,楠梓區,,
高雄市楠梓區加昌路與後昌路口（後勁夜市）,高雄市,楠梓區,,
高雄市楠梓區加昌路後昌路口（後勁夜市）,高雄市,楠梓區,,
高雄市苓雅區光華二路（三多路至林西路）,高雄市,苓雅區,,
高雄市苓雅區自強三路（苓雅路至興中路）,高雄市,苓雅區,,
高雄市苓雅區苓雅二路（青年路至苓雅二路）,高雄市,苓雅區,,
高雄市苓雅區河南、河北、三多路,高雄市,苓雅區,,
高雄市鳳山區國富里新富路與凱旋路交叉路口,高雄市,鳳山區,,
高雄市鳳山區縣衙里光遠路４０２之１騎樓,高雄市,鳳山區,,
高雄市鳳山區五福里五福二路仁仁幼稚園旁邊,高雄市,鳳山區,,
高雄市鹽埕區鹽埕街（大公路至富野路）,高雄市,鹽埕區,,
高雄市鹽埕區示範公有零售市場,高雄市,鹽埕區,,
高雄市鼓山區新民里延平街攤販臨時集中場（攤６１）,高雄市,鼓山區,,
高雄市鼓山區新民里延平街攤販臨時集中場（攤５９）,高雄市,鼓山區,,
高雄市鼓山區新民里延平街攤販臨時集中場（攤６２）,高雄市,鼓山區,,
高雄市鼓山區新民里延平街攤販臨時集中場（攤１１５）,高雄市,鼓山區,,
高雄市鼓山區新民里延平街攤販臨時集中場（攤２３）,高雄市,鼓山區,,
高雄市鼓山區新民里河川集中場,高雄市,鼓山區,,
高雄市鼓山區新民里延平街攤販臨時集中場（攤１２６）,高雄市,鼓山區,,
高雄市鼓山區登山里鼓山一路登山里５３巷攤販臨時集中場,高雄市,鼓山區,,
高雄市鼓山區裕豐里慶豐街明誠中學旁,高雄市,鼓山區,,
高雄市鼓山區綠川里河西一路慈仁宮廟口,高雄市,鼓山區,,
高雄市鼓山區裕豐里慶豐街（明誠中學旁）,高雄市,鼓山區,,
高雄市鼓山區光榮里第三公有市場﹝內惟市場﹞,高雄市,鼓山區,,
高雄市鼓山區裕豐里慶豐街明誠中學旁邊,高雄市,鼓山區,,
高雄市鼓山區光榮里九如四路１４６０巷口,高雄市,鼓山區,,
高雄市鼓山區光榮里內惟集中市場,高雄市,鼓山區,,
高雄市鼓山區新民里第一公有市場,高雄市,鼓山區,,
高雄市鼓山區中港街１０號（中興市場內，攤位編號：辛２）,高雄市,鼓山區,,
高雄市鼓山區篤敬路與裕誠路口,高雄市,鼓山區,,
高雄市鼓山區裕誠路與篤敬路口,高雄市,鼓山區,,
高雄市鼓山區慶豐街（明誠中學旁）,高雄市,鼓山區,,
高雄市鼓山區西藏街與伊犁街交叉路口騎樓前面,高雄市,鼓山區,,
愛四路(仁一路至仁三路之間),基隆市,仁愛區,,
宜蘭縣羅東鎮中山公園三週圍,宜蘭縣,羅東鎮,,
彰化縣彰化市華陽里旭光路69號,彰化縣,彰化市,,
新北市樹林區保安街14巷內,新北市,樹林區,,
新北市汐止區汐止車站台鐵高架橋下,新北市,汐止區,,
新竹縣湖口鄉民生街與達生路口,新竹縣,湖口鄉,,
?新竹縣竹東鎮東林路88號,新竹縣,竹東鎮,,
桃園市八德區四維路.信義街,桃園市,八德區,,
臺中市大甲區蔣公路段(自順天路至信義路間路段兩側),臺中市,大甲區,,
太平區長億路兩側、太平路南側、長億三街西側及長億一街北側,臺中市,太平區,,
東區自由路與復興路口,臺中市,東區,,
臺北市中山區農安街2巷及雙城街12巷,臺北市,中山區,,
臺北市中山區遼寧街(長安東路至朱崙街口,臺北市,中山區,,
臺北市中山區雙城街(雙城街10巷、13巷至農安街口,臺北市,中山區,,
臺北市中正區中華路二段307巷至315巷5弄區段間,臺北市,中正區,,
臺北市中正區羅斯福路四段90巷、108巷,臺北市,中正區,,
臺北市北投區吉利街142巷與尊賢街218巷25弄、230巷,臺北市,北投區,,
臺北市北投區復興四路8巷及中和街320巷,臺北市,北投區,,
1.臺北市士林區大東路(大南路、大北路之間)、大南路(大東路、小西街之間)及大溪路兩側,臺北市,士林區,,
"臺北市大同區延平北路三段 (民權西路至民族西路口)",臺北市,大同區,,
臺北市大安區臨江街(通化街至基隆路口),臺北市,大安區,,
"臺北市大安區建國南路一段(高架橋下第一至第四橋孔第二鐵柱 )",臺北市,大安區,,
臺北市大安區四維路192巷,臺北市,大安區,,
臺北市文山區景美街及景文街103巷,臺北市,文山區,,
臺北市松山區饒河街,臺北市,松山區,,
臺北市松山區南京東路五段59巷27弄,臺北市,松山區,,
臺北市萬華區西昌街（廣州街至桂林路間）,臺北市,萬華區,,
台南市國華街3段1234-234號,臺南市,中西區,,
台南市中西區西門路2段177號,臺南市,中西區,,
台南市中西區青年路164巷26號,臺南市,中西區,,
台南市中西區府前路一段31號,臺南市,中西區,,
臺南市佳里區安西里安西路、新生路交叉口西側,臺南市,佳里區,,
台南市善化區中山路377號,臺南市,善化區,,
花蓮縣鳳林鎮鎮民廣場旁,花蓮縣,鳳林鎮,,
高雄市茄萣區興達港大發路上,高雄市,茄萣區,,
300新竹市北區湳雅街97號,新竹市,北區,,
台中市北區三民路三段169號13樓之1,臺中市,北區,,
401台中市東區復興路四段186號,臺中市,東區,,
台北市中正區忠孝西路47號B1,臺北市,中正區,,
台北市中正區忠孝西路49號,臺北市,中正區,,
台北市萬華區峨嵋街52號地下1F及52號1~4F,臺北市,萬華區,,
700台南市中西區中山路166號,臺南市,中西區,,
700台南市中西區忠義路二段63號,臺南市,中西區,,
804高雄市鼓山區大順一路115號,高雄市,鼓山區,,
南投縣仁愛鄉大同村台十四甲線９．５Ｋ南投客運售票亭,南投縣,仁愛鄉,,
南投縣埔里鎮南門里第三市場第３４攤位,南投縣,埔里鎮,,
南投縣集集鎮吳厝里民權路自來水廠對面,南投縣,集集鎮,,
嘉義市西區培元里成功街及西門街口左攤,嘉義市,西區,,
嘉義市西區文化里文化路臺銀宿舍房,嘉義市,西區,,
嘉義縣六腳鄉蒜頭村蒜頭市場,嘉義縣,六腳鄉,,
基隆市七堵區明德―路３５４號,基隆市,七堵區,,
宜蘭縣頭城鎮城西里纘祥路９號１樓,宜蘭縣,頭城鎮,,
屏東縣屏東市光榮里中山黃昏市場＃１１０．＃１１１,屏東縣,屏東市,,
屏東縣恆春鎮山海里高山巖停車場,屏東縣,恆春鎮,,
彰化縣員林市南東里１４鄰山腳路４段３７巷３３２號,彰化縣,員林市,,
彰化縣員林市三信里博愛街３０３巷５號,彰化縣,員林市,,
彰化縣員林市中東里００１鄰山腳路五段２巷８１弄６２號,彰化縣,員林市,,
彰化縣員林市林厝里山腳路一段坡姜巷４１弄６０號１樓,彰化縣,員林市,,
彰化縣埔心鄉舊館村新館路６３６號１樓,彰化縣,埔心鄉,,
彰化縣彰化市南瑤里南瑤路６５－１號,彰化縣,彰化市,,
彰化縣彰化市南瑤里南瑤路４２號,彰化縣,彰化市,,
彰化縣社頭鄉社頭村延平路１４巷４號１樓,彰化縣,社頭鄉,,
新竹市東區南大路竹蓮里３鄰３４６號,新竹市,東區,,
桃園市桃園區東埔里義光路４６號,桃園市,桃園區,,
桃園市龍潭區黃唐里成功路１９０巷５０號１樓,桃園市,龍潭區,,
桃園市龍潭區黃唐里３１鄰成功路１９０巷５０號,桃園市,龍潭區,,
臺中市中區大誠里大誠街,臺中市,中區,,
臺中市后里區中和里１２鄰犁份路１４之１,臺中市,后里區,,
臺中市大雅區大雅里民生路１段６６－６攤位,臺中市,大雅區,,
臺中市清水區清水里鎮北街清水市場內,臺中市,清水區,,
臺中市西屯區永安里西屯路３段與福雅路口黃昏市場,臺中市,西屯區,,
臺北市萬華區峨嵋街５２號４樓,臺北市,萬華區,,
臺北市萬華區峨嵋街５２號６樓,臺北市,萬華區,,
臺南市北區公園里延平市場,臺南市,北區,,
臺南市新化區??拔里??拔林３１１－１號,臺南市,新化區,,
臺南市新化區協興里太平路１５０巷１２９號,臺南市,新化區,,
臺南市新化區??拔里??拔林２８８－３號,臺南市,新化區,,
臺南市新營區興安里工業路５５―１１號,臺南市,新營區,,
臺南市東區青年路東門市場,臺南市,東區,,
臺南市東區崇德路３０６巷,臺南市,東區,,
臺南市永康區永康里中山路７２巷旁,臺南市,永康區,,
臺南市永康區大灣里大灣市場,臺南市,永康區,,
臺南市鹽水區月港里中山路點心城,臺南市,鹽水區,,
臺南市麻豆區新興里大同路３－４號１樓,臺南市,麻豆區,,
臺東縣臺東市強國里仁愛街２３號之１,臺東縣,臺東市,,
臺東縣長濱鄉竹湖村永福路３４號,臺東縣,長濱鄉,,
臺東縣關山鎮中福公有市場旁,臺東縣,關山鎮,,
臺東縣關山鎮里壠里和平路３６號,臺東縣,關山鎮,,
花蓮縣瑞穗鄉瑞穗村新生街３４號,花蓮縣,瑞穗鄉,,
花蓮縣花蓮市民生里復興零售市場第１８０攤,花蓮縣,花蓮市,,
花蓮縣花蓮市重慶路與中原路交叉路口,花蓮縣,花蓮市,,
花蓮縣花蓮市主力里中和路２１４巷１７號３樓之６,花蓮縣,花蓮市,,
苗栗縣竹南鎮中華里１１鄰大同路１５號,苗栗縣,竹南鎮,,
苗栗縣苑裡鎮苑南里大同路西側,苗栗縣,苑裡鎮,,
苗栗縣苑裡鎮山腳里８鄰２７５之８號山腳零售市場食品類１２﹒２５號攤位,苗栗縣,苑裡鎮,,
苗栗縣苑裡鎮山腳里７鄰１９７號,苗栗縣,苑裡鎮,,
雲林縣虎尾鎮立仁里１鄰黃昏市場內,雲林縣,虎尾鎮,,
高雄市三民區灣中里第二公有市場,高雄市,三民區,,
高雄市內門區觀亭里紫竹寺廟前,高雄市,內門區,,
高雄市燕巢區南燕里中民路６６３之９後３,高雄市,燕巢區,,
高雄市鳳山區正義里保泰路邊早市,高雄市,鳳山區,,
高雄市鹽埕區鹽埕建國市場義９,高雄市,鹽埕區,,
高雄市鹽埕區新化里駁二Ｃ－３倉庫,高雄市,鹽埕區,,
高雄市鼓山區新民里第一公有零售市場,高雄市,鼓山區,,
台中市西屯區協和里工業28路2號,臺中市,西屯區,,
台東縣池上鄉新興村7鄰85-6號,臺東縣,池上鄉,,
南投縣信義鄉同富村新中橫公路１１６﹒５公里處,南投縣,信義鄉,,
南投縣南投市中興路萊爾富對面,南投縣,南投市,,
南投縣草屯鎮明正里芬草路與中山街口,南投縣,草屯鎮,,
南投縣鹿谷鄉鹿谷村仁義路與中正路１段交叉口,南投縣,鹿谷鄉,,
嘉義市西區磚里中興路６１６，６２６，６２８，６３０號,嘉義市,西區,,
嘉義市西區竹圍里北興街與遠東街口,嘉義市,西區,,
嘉義縣民雄鄉三興村神農一街（大吃市古城麻辣燙）,嘉義縣,民雄鄉,,
嘉義縣民雄鄉三興村神農一街（大吃市乙級）,嘉義縣,民雄鄉,,
嘉義縣民雄鄉三興村神農路上大吃市,嘉義縣,民雄鄉,,
嘉義縣民雄鄉三興村神農路大吃市,嘉義縣,民雄鄉,,
嘉義縣民雄鄉三興村神農一街未編門牌,嘉義縣,民雄鄉,,
嘉義縣竹崎鄉鹿滿村麻箕埔１４０附５（對面）,嘉義縣,竹崎鄉,,
嘉義縣阿里山鄉山美村嘉縣１２９縣道２﹒５公里處,嘉義縣,阿里山鄉,,
嘉義縣阿里山鄉山美村達娜伊谷自然生態公園內,嘉義縣,阿里山鄉,,
嘉義縣鹿草鄉鹿草村長壽橋旁,嘉義縣,鹿草鄉,,
宜蘭縣壯圍鄉東港村１３鄰??後路濱海公路大橋邊,宜蘭縣,壯圍鄉,,
宜蘭縣宜蘭市小東里東門攤販所,宜蘭縣,宜蘭市,,
宜蘭縣宜蘭市文昌路底（中山橋下）,宜蘭縣,宜蘭市,,
宜蘭縣宜蘭市南興街旁,宜蘭縣,宜蘭市,,
宜蘭縣礁溪鄉德陽村礁溪路５段昌滿計程車行對面攤販集中區,宜蘭縣,礁溪鄉,,
宜蘭縣礁溪鄉協天段１號地,宜蘭縣,礁溪鄉,,
宜蘭縣礁溪鄉協天段一號地（礁溪星巴克對面）,宜蘭縣,礁溪鄉,,
宜蘭縣羅東鎮中正路及南門路口,宜蘭縣,羅東鎮,,
宜蘭縣蘇澳鎮中正路旁鐵皮屋,宜蘭縣,蘇澳鎮,,
宜蘭縣頭城鎮城西里纘祥路１４－１號,宜蘭縣,頭城鎮,,
宜蘭縣頭城鎮北關攤販場,宜蘭縣,頭城鎮,,
宜蘭縣頭城鎮城西里１１鄰纘祥路２６號１樓,宜蘭縣,頭城鎮,,
屏東縣內埔鄉內埔村內埔市場,屏東縣,內埔鄉,,
屏東縣屏東市崇武里１３鄰華盛街和華盛１街路口,屏東縣,屏東市,,
屏東縣屏東市民權里桂林街、博愛路口,屏東縣,屏東市,,
屏東縣東港鎮朝安里華僑市場裡面,屏東縣,東港鎮,,
屏東縣東港鎮八德里１１鄰福德街４５之４住家前面,屏東縣,東港鎮,,
屏東縣東港鎮新勝里第二市場內,屏東縣,東港鎮,,
屏東縣東港鎮朝安里東港區漁會直銷中心Ａ區３２攤位,屏東縣,東港鎮,,
屏東縣東港鎮朝安里東港區漁會直銷中心Ａ區２７、４５攤位,屏東縣,東港鎮,,
屏東縣東港鎮朝安里東港區漁會直銷中心Ｂ區４０１攤位,屏東縣,東港鎮,,
屏東縣東港鎮朝安里東港區漁會直銷中心Ｂ區４０６攤位,屏東縣,東港鎮,,
屏東縣東港鎮朝安里東港區漁會直銷中心Ａ區１４～１５攤位,屏東縣,東港鎮,,
屏東縣東港鎮朝安里東港區漁會直銷中心Ａ區４３攤位,屏東縣,東港鎮,,
屏東縣東港鎮朝安里東港區漁會直銷中心Ａ區３４攤位,屏東縣,東港鎮,,
屏東縣東港鎮朝安里東港區漁會直銷中心Ａ區３５～４０攤位,屏東縣,東港鎮,,
屏東縣東港鎮朝安里東港區漁會直銷中心Ａ區４～７攤位,屏東縣,東港鎮,,
屏東縣東港鎮朝安里東港區漁會直銷中心Ｂ區２０４攤位,屏東縣,東港鎮,,
屏東縣東港鎮朝安里東港區漁會直銷中心Ｂ區２６４攤位,屏東縣,東港鎮,,
屏東縣東港鎮朝安里東港區漁會直銷中心Ｂ區３３２攤位,屏東縣,東港鎮,,
屏東縣東港鎮朝安里東港區漁會直銷中心Ｂ區３３８～３３９攤位,屏東縣,東港鎮,,
屏東縣東港鎮朝安里東港區漁會直銷中心Ｂ區３４３攤位,屏東縣,東港鎮,,
屏東縣東港鎮朝安里東港區漁會直銷中心Ｂ區３４９攤位,屏東縣,東港鎮,,
屏東縣東港鎮朝安里東港區漁會直銷中心Ｂ區３５４及３５５攤位,屏東縣,東港鎮,,
屏東縣東港鎮朝安里東港區漁會直銷中心Ｂ區３６５攤位,屏東縣,東港鎮,,
屏東縣東港鎮朝安里東港區漁會直銷中心Ｂ區３９４攤位,屏東縣,東港鎮,,
屏東縣東港鎮鎮海里鎮海公園旁之鐵皮屋,屏東縣,東港鎮,,
屏東縣東港鎮朝安里東港漁會直銷中心Ａ區１０，１１攤位,屏東縣,東港鎮,,
屏東縣東港鎮朝安里東港漁會直銷中心Ｂ區３６８攤位,屏東縣,東港鎮,,
屏東縣東港鎮朝安里東港漁會直銷中心Ａ區２８攤位,屏東縣,東港鎮,,
屏東縣東港鎮朝安里東港區漁會直銷中心Ａ區１－３攤位,屏東縣,東港鎮,,
屏東縣東港鎮朝安里東港區漁會直銷中心Ｂ０９，Ｂ１０，Ｂ２３，Ｂ２４，Ｂ３７，Ｂ３８攤位,屏東縣,東港鎮,,
屏東縣東港鎮朝安里東港區漁會直銷中心Ａ區３３攤位,屏東縣,東港鎮,,
屏東縣東港鎮朝安里東港漁市場內,屏東縣,東港鎮,,
屏東縣枋寮鄉水底寮段０７８７－０００１號小段,屏東縣,枋寮鄉,,
屏東縣林邊鄉竹林村林邊竹林市場,屏東縣,林邊鄉,,
屏東縣琉球鄉中福村觀光港候船室二樓,屏東縣,琉球鄉,,
屏東縣瑪家鄉佳義村佳義段保留地（笠頂山上）,屏東縣,瑪家鄉,,
屏東縣瑪家鄉北業村芳鄰餐廳旁邊,屏東縣,瑪家鄉,,
屏東縣萬丹鄉萬生村成功街一段４６巷巷口,屏東縣,萬丹鄉,,
屏東縣萬丹鄉寶厝村西環路與福德街交叉路口鐵皮屋,屏東縣,萬丹鄉,,
屏東縣高樹鄉新豐村維興路大津福德祠後方第１間,屏東縣,高樹鄉,,
彰化縣二林鎮趙甲里二溪路三段２０７號左側,彰化縣,二林鎮,,
彰化縣北斗鎮文昌里０１１鄰光中路及地政路口,彰化縣,北斗鎮,,
彰化縣北斗鎮大道里復興路旁,彰化縣,北斗鎮,,
彰化縣北斗鎮居仁里中華路與宮後街口（豪琍鐵板飯）,彰化縣,北斗鎮,,
彰化縣和美鎮竹營里美寮路２段與孝倫路口,彰化縣,和美鎮,,
彰化縣埔心鄉經口村中山路１５３巷旁,彰化縣,埔心鄉,,
彰化縣彰化市古夷里金馬路一點紅農產品集散中心,彰化縣,彰化市,,
彰化縣溪湖鎮平和里環中街愛的世界對面,彰化縣,溪湖鎮,,
彰化縣田中鎮北路里中路街臨８５－６號,彰化縣,田中鎮,,
彰化縣田中鎮北路里中路街臨８５－５號,彰化縣,田中鎮,,
彰化縣田尾鄉柳鳳村民族路二段與公園路交叉路口第二停車場,彰化縣,田尾鄉,,
彰化縣福興鄉福興村褔建路黃昏市場,彰化縣,福興鄉,,
彰化縣竹塘鄉新廣村光明路慈航宮南邊,彰化縣,竹塘鄉,,
彰化縣竹塘鄉田頭村九龍大樹公,彰化縣,竹塘鄉,,
彰化縣芬園鄉社口村彰南路４段１３４巷轉角,彰化縣,芬園鄉,,
新北市三峽區民族路５巷４２號,新北市,三峽區,,
新北市瑞芳區豎崎路３３號（１樓）,新北市,瑞芳區,,
新北市瑞芳區豎崎路１３號１樓,新北市,瑞芳區,,
新北市石碇區八分寮路５６－３號,新北市,石碇區,,
新北市萬里區港東路１６３號,新北市,萬里區,,
新北市貢寮區枋腳路１３號,新北市,貢寮區,,
新竹市北區城隍廟內,新竹市,北區,,
新竹市北區城隍廟,新竹市,北區,,
新竹市東區東門里文昌街入口第甲１攤,新竹市,東區,,
新竹市東區中正里東門市場內１０７４,新竹市,東區,,
新竹縣五峰鄉桃山村清泉１６４之６,新竹縣,五峰鄉,,
新竹縣新豐鄉台１５線南下６５公里處,新竹縣,新豐鄉,,
新竹縣新豐鄉新豐村紅毛港漁民活動中心旁,新竹縣,新豐鄉,,
新竹縣橫山鄉油羅段一三四號附近,新竹縣,橫山鄉,,
新竹縣橫山鄉內灣石橋對岸,新竹縣,橫山鄉,,
新竹縣竹北市竹仁里竹仁街與仁和街交叉路口竹北公有零售市場,新竹縣,竹北市,,
新竹縣竹北市光明六路東二段與嘉興路交叉路口,新竹縣,竹北市,,
新竹縣竹北市勝利十二街３臨,新竹縣,竹北市,,
新竹縣竹東鎮東寧市場,新竹縣,竹東鎮,,
新竹縣芎林鄉大華技術學院第二餐飲中心,新竹縣,芎林鄉,,
新竹縣芎林鄉大華科技大學仁愛樓１Ｆ,新竹縣,芎林鄉,,
新竹縣芎林鄉大華科技大學餐飲部,新竹縣,芎林鄉,,
新竹縣芎林鄉大華科技大學餐飲中心,新竹縣,芎林鄉,,
新竹縣芎林鄉大華路１號,新竹縣,芎林鄉,,
新竹縣關西鎮東光里正興加油站旁,新竹縣,關西鎮,,
新竹縣關西鎮中興路與南京路口（錦珍香旁）,新竹縣,關西鎮,,
桃園市平鎮區東社里圳南路入口路旁,桃園市,平鎮區,,
桃園市平鎮區華安里平東路２１５旁鐵皮屋,桃園市,平鎮區,,
桃園市復興區澤仁里台七線１７－２公里處,桃園市,復興區,,
桃園市蘆竹區山腳里土地公廟旁,桃園市,蘆竹區,,
桃園市龍潭區中正里３７鄰中正路市場口（攤販）,桃園市,龍潭區,,
桃園市龍潭區大平里二坪橋頭附近,桃園市,龍潭區,,
桃園市龜山區山德里１１鄰山鶯路４１,桃園市,龜山區,,
澎湖縣白沙鄉吉貝村觀音寺前攤販,澎湖縣,白沙鄉,,
澎湖縣白沙鄉吉貝村福德廟前攤販,澎湖縣,白沙鄉,,
澎湖縣西嶼鄉外垵村漁具整補場,澎湖縣,西嶼鄉,,
澎湖縣馬公市西文里祖師廟前廣場,澎湖縣,馬公市,,
臺中市中區中華里臺灣大道１段及中華路口,臺中市,中區,,
臺中市中區大墩里三民路２段第二市場Ｃ１７７,臺中市,中區,,
臺中市中區中華里中華路與成功路口,臺中市,中區,,
臺中市中區中華里中華路１段商場前,臺中市,中區,,
臺中市中區繼光里自由路２段４巷內,臺中市,中區,,
臺中市中區大誠里公園路,臺中市,中區,,
臺中市中區中華里中華路一段中山路口,臺中市,中區,,
臺中市中區中華里中華路中山路口,臺中市,中區,,
臺中市中區中華里中華路１段中華商場,臺中市,中區,,
臺中市中區大誠里中華路２段西排前,臺中市,中區,,
臺中市中區大誠里公園路靈光院前,臺中市,中區,,
臺中市中區大墩里三民路二段第二市場Ｃ１８０攤位,臺中市,中區,,
臺中市中區大墩里三民路二段第二市場內Ｃ１０３、Ｃ１０３－１,臺中市,中區,,
臺中市北區學士路美德街口,臺中市,北區,,
臺中市北區新北里一中街水利大樓前,臺中市,北區,,
臺中市北屯區??子里??子路６６６號,臺中市,北屯區,,
臺中市南區樹義里工學路１６７號１樓,臺中市,南區,,
臺中市南屯區田心里向上路２段４４號１樓,臺中市,南屯區,,
臺中市后里區泰安里泰安舊火車站右側,臺中市,后里區,,
臺中市和平區達觀里東崎街２段桃山巷７３－７號,臺中市,和平區,,
臺中市和平區達觀里東崎街１段桃山巷７３－６號,臺中市,和平區,,
臺中市大安區龜売里１鄰龜売路１８號１樓,臺中市,大安區,,
臺中市大甲區文武里五福路２７４號,臺中市,大甲區,,
臺中市大肚區永和里紙廠路８５號１樓,臺中市,大肚區,,
臺中市大雅區忠義里東海路１號右側,臺中市,大雅區,,
臺中市大雅區大雅里民生路１段６４－５攤位,臺中市,大雅區,,
臺中市大雅區三和里５鄰中正路１６１巷１―１號,臺中市,大雅區,,
臺中市太平區中興里中興東路１７５號１樓,臺中市,太平區,,
臺中市東區東英里新光市場Ｉ１０攤位,臺中市,東區,,
臺中市東區東信里旱溪東路和東英一街口,臺中市,東區,,
臺中市東區東英里新光市場Ｇ２０－Ｇ２１攤位,臺中市,東區,,
臺中市東區東英里新光市場Ｅ１５攤位,臺中市,東區,,
臺中市梧棲區頂寮里四維東路與四維東路６０巷口,臺中市,梧棲區,,
臺中市梧棲區大庄里文華街１９４巷２５弄及文華街２２２巷路口,臺中市,梧棲區,,
臺中市清水區槺榔里港埠路３段與大勇路口,臺中市,清水區,,
臺中市烏日區仁德里信義街３８１巷口,臺中市,烏日區,,
臺中市西屯區福雅里福雅路黃昏市場內,臺中市,西屯區,,
臺中市西屯區何德里甘肅路大仁國小對面,臺中市,西屯區,,
臺中市西屯區西安里西安街與光明路口,臺中市,西屯區,,
臺中市豐原區中山里１鄰中正路１６７巷右邊第１攤之１,臺中市,豐原區,,
臺中市豐原區中山里中正路１６７巷右邊第貳攤之貳,臺中市,豐原區,,
臺中市豐原區中山里１鄰中正路１６７巷右邊第３攤之１,臺中市,豐原區,,
臺中市豐原區中山里中正路１６７巷右邊第參攤之貳,臺中市,豐原區,,
臺中市豐原區中山里中正路１６７巷口,臺中市,豐原區,,
臺中市豐原區鐮村里８鄰鐮村路４２２號,臺中市,豐原區,,
臺中市霧峰區本鄉里民權路３１號,臺中市,霧峰區,,
臺北市內湖區葫洲里金湖路３６０號,臺北市,內湖區,,
臺北市南港區三重里新民路２５巷７號１樓,臺北市,南港區,,
臺北市大同區光能里赤峯街８１號１樓,臺北市,大同區,,
臺北市大安區誠安里復興南路１段１５２、１５４、１５６、１５８、１６０、１６２號３樓,臺北市,大安區,,
臺北市萬華區萬壽里漢中街３５、３５之１、３５之２、３５之４、３５之５,臺北市,萬華區,,
臺南市七股區??埕里鹽埕１１３號,臺南市,七股區,,
臺南市中西區萬昌里青年路東門市場,臺南市,中西區,,
臺南市中西區萬昌里民權路１段東門圓環邊,臺南市,中西區,,
臺南市仁德區後壁里民安路１段８２巷巷口旁,臺南市,仁德區,,
臺南市仁德區仁義里義林路與中山路口貨櫃屋（由中山路起第６間）,臺南市,仁德區,,
臺南市佳里區子龍里子龍派出所對面,臺南市,佳里區,,
臺南市六甲區六甲里六甲公有零售市場Ｅ７,臺南市,六甲區,,
臺南市六甲區六甲里中正路４８５巷巷口,臺南市,六甲區,,
臺南市北區民德路與育德路口旁,臺南市,北區,,
臺南市北區民德路與育德路口,臺南市,北區,,
臺南市北區大豐里中華北路１段與大興街口,臺南市,北區,,
臺南市北區公園南路與西門路口,臺南市,北區,,
臺南市北區大港里中華北路１段與大興街口,臺南市,北區,,
臺南市北門區保吉里蚵寮市場,臺南市,北門區,,
臺南市南區新昌里大成路１段１９３巷１２號,臺南市,南區,,
臺南市南區新建路５９巷口,臺南市,南區,,
臺南市南區國宅里金華路２段１５巷國宅幼稚園後面,臺南市,南區,,
臺南市南區鹽埕路１０３巷４５號,臺南市,南區,,
臺南市南區鹽埕路２３號旁,臺南市,南區,,
臺南市善化區南關里永安路與光復路口,臺南市,善化區,,
臺南市善化區什乃里牛墟市場,臺南市,善化區,,
臺南市善化區東關里移民署對面鐵皮屋（保安街）,臺南市,善化區,,
臺南市善化區文昌里中正路２３２巷口貨櫃屋,臺南市,善化區,,
臺南市安南區??田里鹽田路３６３號,臺南市,安南區,,
臺南市安南區安慶里安和路１段１８７號１樓,臺南市,安南區,,
臺南市安南區??田里鹽田路３３７號,臺南市,安南區,,
臺南市安平區建平里運河路２３巷２３弄５號,臺南市,安平區,,
臺南市安平區西賢一街６７巷２號１樓,臺南市,安平區,,
臺南市後壁區墨林里２５８號前面攤位,臺南市,後壁區,,
臺南市後壁區墨林里３４３號,臺南市,後壁區,,
臺南市後壁區烏樹里４４之２號,臺南市,後壁區,,
臺南市新化區太平里民生路與中正路５９０巷交叉口,臺南市,新化區,,
臺南市新營區新東里民治東路左邊第二攤位,臺南市,新營區,,
臺南市新營區新南里民治路３００巷與隋唐街交叉路口,臺南市,新營區,,
臺南市東區小東里小東零售市場,臺南市,東區,,
臺南市楠西區楠西里博愛路２３３巷口,臺南市,楠西區,,
臺南市歸仁區南保里民權北路及民權六街路口,臺南市,歸仁區,,
臺南市歸仁區後市里民族北街１２巷口寺廟前,臺南市,歸仁區,,
臺南市歸仁區後市里中正北路１段（新豐高中對面）,臺南市,歸仁區,,
臺南市歸仁區後市里民族北街３１巷路口,臺南市,歸仁區,,
臺南市歸仁區文化里２段３５巷（仁壽宮對面）,臺南市,歸仁區,,
臺南市玉井區玉田里中華路中小企銀對面,臺南市,玉井區,,
臺南市玉井區玉田里台８４線鐵塔下,臺南市,玉井區,,
臺南市白河區白河里康樂路山產集貨場,臺南市,白河區,,
臺南市白河區仙草里金水橋旁１７２線道３９公里處,臺南市,白河區,,
臺南市白河區關嶺里關里路段旁,臺南市,白河區,,
臺南市白河區關嶺里關仔嶺公路邊,臺南市,白河區,,
臺南市關廟區香洋里中華路８７巷邊,臺南市,關廟區,,
臺南市鹽水區水秀里南榮科技大學後門斜後方,臺南市,鹽水區,,
臺南市鹽水區月港里夜市場,臺南市,鹽水區,,
臺東縣卑南鄉泰安村泰安路３１１號,臺東縣,卑南鄉,,
臺東縣卑南鄉泰安村泰安路２４５－５號,臺東縣,卑南鄉,,
臺東縣卑南鄉泰安村泰安路５４０－８號,臺東縣,卑南鄉,,
臺東縣卑南鄉泰安村００８鄰泰安路１９９號,臺東縣,卑南鄉,,
臺東縣卑南鄉泰安村泰安路３０８號,臺東縣,卑南鄉,,
臺東縣卑南鄉泰安村泰安路２５１號,臺東縣,卑南鄉,,
臺東縣卑南鄉泰安村泰安路３３１號,臺東縣,卑南鄉,,
臺東縣太麻里鄉泰和村市隆路５、７、９、１１、１３、１５、１７、１９號,臺東縣,太麻里鄉,,
臺東縣池上鄉福原村市場旁,臺東縣,池上鄉,,
臺東縣綠島鄉公館村４鄰公舘路２９號,臺東縣,綠島鄉,,
臺東縣綠島鄉公館村柴口路５４號,臺東縣,綠島鄉,,
臺東縣綠島鄉公館村柴口路３２號,臺東縣,綠島鄉,,
臺東縣綠島鄉公館村５鄰６７號,臺東縣,綠島鄉,,
臺東縣綠島鄉公館村柴口路１１５號,臺東縣,綠島鄉,,
臺東縣綠島鄉公館村公舘村公舘路２５號,臺東縣,綠島鄉,,
臺東縣臺東市新興里南昌街１１２巷口,臺東縣,臺東市,,
臺東縣臺東市文化里正氣路觀光夜市Ｂ６２．Ｂ６０,臺東縣,臺東市,,
臺東縣長濱鄉長濱村中興路２號,臺東縣,長濱鄉,,
臺東縣長濱鄉長濱村７鄰中興路１０號,臺東縣,長濱鄉,,
臺東縣關山鎮電光里００６鄰中興路９８號１樓,臺東縣,關山鎮,,
臺東縣關山鎮里壠里崁頂路１２１號,臺東縣,關山鎮,,
臺東縣關山鎮里壠里里壠里０２３鄰崁頂路２１號,臺東縣,關山鎮,,
臺東縣鹿野鄉中華路一段（鹿野鄉公所前方停車場）,臺東縣,鹿野鄉,,
臺東縣鹿野鄉鹿野村鹿野鄉公所（前方停車場）,臺東縣,鹿野鄉,,
臺東縣鹿野鄉鹿野村鹿野鄉公所（停車場前面）,臺東縣,鹿野鄉,,
花蓮縣吉安鄉北昌村自強夜市（Ｂ１８）,花蓮縣,吉安鄉,,
花蓮縣吉安鄉北昌村自強夜市Ａ４,花蓮縣,吉安鄉,,
花蓮縣吉安鄉吉安路二段慶南三街路口,花蓮縣,吉安鄉,,
花蓮縣吉安鄉福興村中央路與福昌路文叉路路口,花蓮縣,吉安鄉,,
苗栗縣三灣鄉頂寮村河堤邊,苗栗縣,三灣鄉,,
苗栗縣南庄鄉東河村２１鄰石壁北獅里興段１３６４地,苗栗縣,南庄鄉,,
苗栗縣南庄鄉大窩橋往石壁方向５００公尺,苗栗縣,南庄鄉,,
苗栗縣後龍鎮大庄里０１５鄰成功路後龍國小西側,苗栗縣,後龍鎮,,
苗栗縣泰安鄉錦水村８鄰錦水溫泉飯店左側,苗栗縣,泰安鄉,,
苗栗縣竹南鎮公義里公義路入口,苗栗縣,竹南鎮,,
苗栗縣竹南鎮大埔里保來得車站邊,苗栗縣,竹南鎮,,
苗栗縣竹南鎮頂埔里中華路１３７巷旁,苗栗縣,竹南鎮,,
苗栗縣竹南鎮照南里和平路竹南醫院右邊,苗栗縣,竹南鎮,,
苗栗縣竹南鎮竹南里民權路４９、４９－１號１，２，３樓,苗栗縣,竹南鎮,,
苗栗縣苑裡鎮山腳里６鄰１６６號,苗栗縣,苑裡鎮,,
苗栗縣苑裡鎮山腳里６鄰１９４號,苗栗縣,苑裡鎮,,
苗栗縣苑裡鎮山腳里１１鄰３２２號１樓,苗栗縣,苑裡鎮,,
苗栗縣苑裡鎮苑南里公共造產零售市場,苗栗縣,苑裡鎮,,
苗栗縣苑裡鎮苑北里２０鄰中山路車站前,苗栗縣,苑裡鎮,,
苗栗縣苑裡鎮山腳里１０鄰２４０號,苗栗縣,苑裡鎮,,
苗栗縣苑裡鎮山腳里８鄰２４５號,苗栗縣,苑裡鎮,,
苗栗縣苑裡鎮山腳里１０鄰２５６號,苗栗縣,苑裡鎮,,
苗栗縣苗栗市綠苗里６鄰市場,苗栗縣,苗栗市,,
苗栗縣通霄鎮１０２之５５號前鐵皮屋,苗栗縣,通霄鎮,,
苗栗縣頭份市蟠桃里１鄰中央路及信義路口,苗栗縣,頭份市,,
苗栗縣頭份市山下里建國夜市,苗栗縣,頭份市,,
苗栗縣頭份市蘆竹里蘆竹湳段流水潭小段,苗栗縣,頭份市,,
連江縣北竿鄉塘歧村２２０號,連江縣,北竿鄉,,
金門縣金城鎮西門里民權路外武廟旁,金門縣,金城鎮,,
雲林縣北港鎮光復里大同路與華南路口,雲林縣,北港鎮,,
雲林縣北港鎮文仁路與北辰路口附近（文仁路上）,雲林縣,北港鎮,,
雲林縣北港鎮新街里北辰路９、１０、１１攤位,雲林縣,北港鎮,,
雲林縣口湖鄉廟前街及中正路一段路口,雲林縣,口湖鄉,,
雲林縣口湖鄉臺子村海岸邊,雲林縣,口湖鄉,,
雲林縣四湖鄉??東村??子寮２０４號之９,雲林縣,四湖鄉,,
雲林縣土庫鎮越港里公有零售市場第７１攤位,雲林縣,土庫鎮,,
雲林縣水林鄉??埔村??埔２鄰４２號１樓,雲林縣,水林鄉,,
雲林縣虎尾鎮新興里華南路與和平路口,雲林縣,虎尾鎮,,
雲林縣麥寮鄉三盛村工業路,雲林縣,麥寮鄉,,
雲林縣麥寮鄉麥豐村華興路（召安大藥局旁）,雲林縣,麥寮鄉,,
雲林縣麥寮鄉三盛村中山路１０９５－１地號,雲林縣,麥寮鄉,,
高雄市三民區鼎金里鼎金後路與天祥一路轉角,高雄市,三民區,,
高雄市三民區建德建興路口,高雄市,三民區,,
高雄市仁武區八卦里八德二路及八德一路交叉口,高雄市,仁武區,,
高雄市仁武區文武里新庄路新寶街口（鐵皮屋）,高雄市,仁武區,,
高雄市仁武區文武里新庄路宇新寶街路口,高雄市,仁武區,,
高雄市六龜區寶來里新寶路３９之３號１樓,高雄市,六龜區,,
高雄市前鎮區崗山南街４９７巷巷口,高雄市,前鎮區,,
高雄市前鎮區瑞隆路與瑞福路口,高雄市,前鎮區,,
高雄市前鎮區西甲里中山二路２５８巷口旁（與中山二路交叉處）,高雄市,前鎮區,,
高雄市大寮區翁園里光明路三段與翁園路口,高雄市,大寮區,,
高雄市大寮區仁德路１段與大寮路口,高雄市,大寮區,,
高雄市大寮區潮寮里潮寮路與光明路口,高雄市,大寮區,,
高雄市大寮區潮寮里光明路與潮寮路口,高雄市,大寮區,,
高雄市大樹區新興段０００３號（舊鐵橋溼地右邊）,高雄市,大樹區,,
高雄市大社區中山路觀音山園環邊,高雄市,大社區,,
高雄市小港區港口里平和路與平和東路口,高雄市,小港區,,
高雄市小港區豐田街與翠亨南路口,高雄市,小港區,,
高雄市小港區高坪二十二路與高坪三十五街口,高雄市,小港區,,
高雄市小港區桂華街與桂明街口,高雄市,小港區,,
高雄市小港區中鋼路與店北路口,高雄市,小港區,,
高雄市小港區店北路與店陽街口,高雄市,小港區,,
高雄市岡山區忠孝里柳橋東路與維仁路口,高雄市,岡山區,,
高雄市岡山區爲隨里爲隨路６８－１號旁,高雄市,岡山區,,
高雄市左營區富國路與新中街口,高雄市,左營區,,
高雄市旗山區瑞吉里延平一路與中華路交叉口,高雄市,旗山區,,
高雄市旗山區大山里旗南二路與中寮路口,高雄市,旗山區,,
高雄市旗山區湄洲里８鄰新山市場,高雄市,旗山區,,
高雄市梓官區禮蚵里禮仁路昇大超市對面鐵皮屋右起第六間,高雄市,梓官區,,
高雄市楠梓區享平里楠梓王爺廟前攤販臨時集中場,高雄市,楠梓區,,
高雄市橋頭區第一公有市場（攤６）,高雄市,橋頭區,,
高雄市湖內區湖內段８９之１０號,高雄市,湖內區,,
高雄市燕巢區西燕里中興北路４２巷口,高雄市,燕巢區,,
高雄市燕巢區鳳雄里鳳旗路７９巷旁,高雄市,燕巢區,,
高雄市燕巢區橫山路５９（樹德科大）,高雄市,燕巢區,,
高雄市美濃區龍山里復興路２段１６６－５號,高雄市,美濃區,,
高雄市苓雅區林靖攤販臨時集中場,高雄市,苓雅區,,
高雄市苓雅區福西里林靖攤販集中場,高雄市,苓雅區,,
高雄市苓雅區自強三路永昌街口,高雄市,苓雅區,,
高雄市苓雅區仁智街興中一路口,高雄市,苓雅區,,
高雄市路竹區社西里大社路１０５巷巷口旁,高雄市,路竹區,,
高雄市鳥松區坔埔里坔埔路４巷四面佛前面,高雄市,鳥松區,,
高雄市鳥松區神農路與松埔路口,高雄市,鳥松區,,
高雄市鳥松區學堂路與美山路交叉路口旁,高雄市,鳥松區,,
高雄市鳳山區鎮南里自強二路五甲廟後面,高雄市,鳳山區,,
高雄市鳳山區善美里南榮路善政街口,高雄市,鳳山區,,
高雄市鼓山區九如四路日昌路口,高雄市,鼓山區,,
高雄市鼓山區明誠中學旁,高雄市,鼓山區,,
